,,,,,,
"{""Playstore"":[""Sultan: The Game""",Action,41M,1.06,22 June 2016,com.NNGames.sultan,}
"[""Sultan: The Game""",Action,41M,1.06,"June 22, 2016",https://apk-dl.com/files/577dba164f768576b676a294,
"{""Playstore"":[""Hill Climb Racing""",Racing,Varies with device,Varies with device,5 July 2016,com.fingersoft.hillclimb,}
"[""Hill Climb Racing""",Racing,43M,1.30.0,"July 5, 2016",https://apk-dl.com/files/577c1b314f768559ca7cd204,
"{""Playstore"":[""Traffic Racer""",Racing,,,8 March 2016,com.skgames.trafficracer,}
"[""Traffic Racer""",Racing,50M,2.3,"March 8, 2016",https://apk-dl.com/files/56e068c24f768564930dcedc,
"{""Playstore"":[""Sultan: The Game""",Action,41M,1.06,22 June 2016,com.NNGames.sultan,}
"{""dl-apk"":[""Sultan: The Game""",Action,41M,1.06,"June 22, 2016",https://apk-dl.com/files/577dba164f768576b676a294,}
"{""Playstore"":[""Hill Climb Racing""",Racing,Varies with device,Varies with device,5 July 2016,com.fingersoft.hillclimb,}
"{""dl-apk"":[""Hill Climb Racing""",Racing,43M,1.30.0,"July 5, 2016",https://apk-dl.com/files/577c1b314f768559ca7cd204,}
"{""Playstore"":[""Traffic Racer""",Racing,,,8 March 2016,com.skgames.trafficracer,}
"{""dl-apk"":[""Traffic Racer""",Racing,50M,2.3,"March 8, 2016",https://apk-dl.com/files/56e068c24f768564930dcedc,}
4456,,,,,,
